{"cameraMode":{"drawMode":0,"name":"Shaded","section":"Shading Mode"},"sceneLighting":true,"audioPlay":false,"sceneViewState":{"m_AlwaysRefresh":false,"showFog":true,"showSkybox":true,"showFlares":true,"showImageEffects":true,"showParticleSystems":true,"showVisualEffectGraphs":true,"m_FxEnabled":true},"in2DMode":false,"pivot":{"x":-0.09370166063308716,"y":2.185131549835205,"z":0.7590389251708984},"rotation":{"x":0.049474943429231647,"y":-0.01168991718441248,"z":0.0005774893797934055,"w":0.9986656308174133},"size":4.7322468757629398,"orthographic":true}