{"cameraMode":{"drawMode":0,"name":"Shaded","section":"Shading Mode"},"sceneLighting":false,"audioPlay":false,"sceneViewState":{"m_AlwaysRefresh":false,"showFog":true,"showSkybox":false,"showFlares":true,"showImageEffects":true,"showParticleSystems":true,"showVisualEffectGraphs":true,"m_FxEnabled":true},"in2DMode":false,"pivot":{"x":7.7279253005981449,"y":0.7049503326416016,"z":-0.9109325408935547},"rotation":{"x":0.010757910087704659,"y":0.6991037130355835,"z":-0.010453332215547562,"w":0.7148011326789856},"size":2.0349061489105226,"orthographic":true}