{"cameraMode":{"drawMode":0,"name":"Shaded","section":"Shading Mode"},"sceneLighting":false,"audioPlay":false,"sceneViewState":{"m_AlwaysRefresh":false,"showFog":true,"showSkybox":false,"showFlares":true,"showImageEffects":true,"showParticleSystems":true,"showVisualEffectGraphs":true,"m_FxEnabled":true},"in2DMode":false,"pivot":{"x":7.7279253005981449,"y":1.4099006652832032,"z":-0.9109325408935547},"rotation":{"x":-0.0006844144081696868,"y":0.9870977997779846,"z":-0.15980443358421327,"w":-0.004446899052709341},"size":2.9148857593536379,"orthographic":true}