{"cameraMode":{"drawMode":0,"name":"Shaded","section":"Shading Mode"},"sceneLighting":true,"audioPlay":false,"sceneViewState":{"m_AlwaysRefresh":false,"showFog":true,"showSkybox":true,"showFlares":true,"showImageEffects":true,"showParticleSystems":true,"showVisualEffectGraphs":true,"m_FxEnabled":true},"in2DMode":false,"pivot":{"x":2.8359837532043459,"y":11.07559585571289,"z":5.532657623291016},"rotation":{"x":0.14903582632541657,"y":-0.035000286996364596,"z":-0.005273647140711546,"w":-0.9881781935691834},"size":17.72811508178711,"orthographic":false}