{"cameraMode":{"drawMode":0,"name":"Shaded","section":"Shading Mode"},"sceneLighting":true,"audioPlay":false,"sceneViewState":{"m_AlwaysRefresh":false,"showFog":true,"showSkybox":true,"showFlares":true,"showImageEffects":true,"showParticleSystems":true,"showVisualEffectGraphs":true,"m_FxEnabled":true},"in2DMode":false,"pivot":{"x":4.732172966003418,"y":59.59413528442383,"z":-112.25630187988281},"rotation":{"x":0.23023167252540589,"y":0.038229554891586307,"z":-0.009051067754626274,"w":0.972335159778595},"size":25.057029724121095,"orthographic":true}